INSERT INTO public.actor VALUES ('7eea7a2f-3fca-4d18-804e-163d75e32166', 'Tim', 'Robbins');
INSERT INTO public.actor VALUES ('d5d2ad0c-ae2f-4747-abb3-767e396ffb35', 'François', 'Cluzet');
INSERT INTO public.actor VALUES ('d8dfef6a-250a-48e8-8c07-9a50733e8e3b', 'Tom', 'Hanks');
INSERT INTO public.actor VALUES ('7c9af180-495d-4400-a74a-4e1438ce9e6b', 'Al', 'Pacino');
INSERT INTO public.actor VALUES ('4b2bff3d-a892-44d5-b190-f6739a604107', 'Martin', 'Balsam');
INSERT INTO public.actor VALUES ('2e34995a-7d72-45f3-b4ce-8023d0a26f33', 'Jack', 'Nicholson');
INSERT INTO public.actor VALUES ('70c56f47-3c21-4c64-8f08-769fcb45d2ee', 'Elijah', 'Wood');
INSERT INTO public.actor VALUES ('8a2e6d7f-cdfb-44b7-a064-a40cc33ec8c5', 'Liam', 'Neeson');
INSERT INTO public.actor VALUES ('d2e88b78-9e1a-4650-bc6e-626c2c3e6729', 'John', 'Travolta');
INSERT INTO public.actor VALUES ('a448ad95-55bc-4620-9e71-9ac9c88a48dd', 'Roberto', 'Benigni');
INSERT INTO public.actor VALUES ('7b720590-5b3f-4ffc-9700-3957a604faa3', 'Morgan', 'Freeman');
INSERT INTO public.actor VALUES ('b986dd24-2371-4b5d-9280-c8a7afb91857', 'Brad', 'Pitt');
INSERT INTO public.actor VALUES ('a29a2eb2-605a-47a7-a308-d33396c2b1c2', 'Robert', 'De Niro');
INSERT INTO public.actor VALUES ('2f9c68b4-799e-45a1-8dc2-fcd6891f7938', 'Joaquin', 'Phoenix');
INSERT INTO public.actor VALUES ('4d40e03d-c5de-41ee-a1a6-15962bad8425', 'Adrien', 'Brody');
INSERT INTO public.actor VALUES ('b6db4dc4-6b73-4379-9ca2-8ec9ab254f1f', 'Russel', 'Crowe');
INSERT INTO public.actor VALUES ('a93343fa-6198-4e21-9be9-6587f75e7e0a', 'Leonardo', 'DiCaprio');
INSERT INTO public.actor VALUES ('e16049ca-bc25-49e1-a706-001bb2146033', 'Jamie', 'Foxx');
INSERT INTO public.actor VALUES ('6d10fda8-e07d-46d2-ad72-adde2cf8e3ab', 'Anthony', 'Hopkins');
INSERT INTO public.actor VALUES ('434a4dc1-1e16-47e1-ac4c-09b49477f876', 'Matthew', 'Broderick');
INSERT INTO public.actor VALUES ('8f54000f-eba0-4dd2-94f6-39d647e13270', 'Clint', 'Eastwood');
INSERT INTO public.actor VALUES ('c6e4c5d2-6ab5-4eea-9df7-49ab8389f3f4', 'Anthony', 'Gonzalez');
INSERT INTO public.actor VALUES ('f02d868e-a3d1-425a-9d91-7a3a8ecc6872', 'Jean', 'Reno');
INSERT INTO public.actor VALUES ('4038bd01-1743-4084-aaff-cacc3ebb0434', 'Edward', 'Norton');
INSERT INTO public.actor VALUES ('dd5cfeb7-cabc-4542-90ad-ea49d33cac7b', 'Viggo', 'Mortense');
INSERT INTO public.actor VALUES ('7d19baed-df26-486f-b2bd-2179b290c4c8', 'Jeremy', 'Renner');
INSERT INTO public.actor VALUES ('c144008c-d7b4-4b20-b7c3-aa1af3461298', 'Daniel', 'Craig');
INSERT INTO public.actor VALUES ('39fca999-f8f7-48f0-a23b-e64691964612', 'Daniel', 'Radcliffe');
INSERT INTO public.actor VALUES ('5aa11d10-3a64-4bcc-8c3f-162ed6f1dcd0', 'Rupert', 'Grint');
INSERT INTO public.actor VALUES ('f13ba995-407c-445c-8b29-4cb2e6ca0f78', 'Emma', 'Watson');
INSERT INTO public.movie VALUES ('a2482f2a-417a-4813-a59d-bd762adf2485', 'Skazani na Shawshank', 'Film nakręcony na podstawie książki mistrza horrorów Stephena Kinga. Andy Dufresne (Tim Robbins), dobrze zarabiający bankier z Nowej Anglii, zostaje oskarżony o podwójne zabójstwo-swojej żony i jej kochanka. Uparcie twierdzi, że jest niewinny, ale dzięki niezbitym dowodom zostaje skazany na podwójne dożywocie w więzieniu Shawshank. Shawshank rządzi hipokryta i fanatyk biblijny, naczelnik Norton (Bob Gunton), a wraz z nim sadystyczni strażnicy. Andy już po kilku dniach poznaje brutalną, więzienną rzeczywistość, ale dzięki wrodzonej inteligencji, sprytowi oraz pomocy przyjaciela Ellisa Boyda "Reda" Reddinga (Morgan Freeman) udaje mu się zachować nadzieję, która pozwoli dokonać zemsty.', 880, TO_DATE('10/09/1994', 'DD/MM/YYYY'));
INSERT INTO public.movie VALUES ('c3031f69-59e2-4ee8-bb1a-12b0ae851c2c', 'Nietykalni', 'Ta historia zdarzyła się naprawdę. Sparaliżowany na skutek wypadku milioner zatrudnia do pomocy i opieki młodego chłopaka z przedmieścia, który właśnie wyszedł z więzienia. Zderzenie dwóch skrajnie różnych światów daje początek szeregowi niewiarygodnych przygód i przyjaźni, która czyni ich... nietykalnymi.', 860, TO_DATE('23/09/2011', 'DD/MM/YYYY'));
INSERT INTO public.movie VALUES ('6d6fbd17-c120-4660-b937-da4c0ab74324', 'Zielona Mila', 'Rok 1935. Paul Edgecombe (Tom Hanks) jest jednym ze strażników bloku śmierci w więzieniu Cold Mountain. Do jego obowiązków należy odprowadzanie skazańców do celi śmierci długim korytarzem, wyłożonym zieloną wykładziną, zwaną "Zieloną milą". Pewnego dnia do więzienia przybywa olbrzymi czarnoskóry skazaniec, John Coffey (Michael Clarke Duncan). Ma oczekiwać na karę śmierci za zamordowanie dwóch białych dziewczynek. Jego wizyta na zawsze zmieni życie Paula i pozostałych pracowników więzienia.', 860, TO_DATE('06/12/1999', 'DD/MM/YYYY'));
INSERT INTO public.movie VALUES ('4150987f-0d9f-4dbc-ad04-157590a23413', 'Ojciec chrzestny', 'USA, koniec II wojny światowej. Szefem nowojorskiej mafii jest sędziwy Don Vito Corleone (Marlon Brando), a jego pomocnikami są synowie: Sonny (James Caan) i Fredo (John Cazale) oraz inteligentny i rozważny Irlandczyk, Tom Hagen (Robert Duvall). Trzeci syn Vito, Michael(Al Pacino), absolwent wyższej uczelni, jest przeciwny działalności ojca. Pewnego dnia rodzina Corleone, odmawiając udziału w dystrybucji narkotyków, staje się niepotrzebną przeszkodą dla innych mafii. Dochodzi do nieudanego zamachu na Dona Corleone, a następnie do "wielkiej wojny" nowojorskich gangów, w której niespodziewanie odegra kluczową rolę Michael.', 860, TO_DATE('15/03/1972', 'DD/MM/YYYY'));
INSERT INTO public.movie VALUES ('eea11c26-f6ca-4fd9-82e8-250ce7393704', 'Dwunastu gniewnych ludzi', 'Dwunastu przysięgłych w procesie o morderstwo rozpatruje kwestię winy. Wszyscy poza jednym są pewni, że oskarżony zamordował swego ojca. Jednak wyrok musi być jednomyślny. Rozpętuje się gorąca dyskusja, w toku której wątpiący przekonuje innych do swego zdania.', 870, TO_DATE('10/04/1957', 'DD/MM/YYYY'));
INSERT INTO public.movie VALUES ('50b7d6ec-5a8a-4063-aa92-8722306aeb03', 'Forrest Gump', '"Forrest Gump" to romantyczna historia, w której Tom Hanks wcielił się w tytułową postać-nierozgarniętego młodego człowieka o wielkim sercu i zdolności do odnajdywania się w największych wydarzeniach w historii USA, począwszy od swego dzieciństwa w latach 50-tych. Po tym, jak staje się gwiazdą footballu, odznaczonym bohaterem wojennym i odnoszącym sukcesy biznesmenem, główny bohater zyskuje status osobistości, lecz nigdy nie rezygnuje z poszukiwania tego, co dla niego najważniejsze-miłości swej przyjaciółki, Jenny Curran. Forrest jest małym chłopcem, kiedy jego ojciec porzuca rodzinę, a matka utrzymuje siebie i syna biorąc pod swój dach lokatorów. Kiedy okazuje się, że jej chłopiec ma bardzo niski iloraz inteligencji, pozostaje nieustraszona w swoim przekonaniu, że ma on takie same możliwości, jak każdy inny. To prawda-takie same, a nawet dużo większe. W całym swym życiu Forrest niezamierzenie znajduje się twarzą w twarz z wieloma legendarnymi postaciami lat 50-tych, 60-tych i 70-tych. Wiedzie go to na boisko piłki nożnej, poprzez dżungle Wietnamu, Waszyngton, Chiny, Nowy Jork, do Luizjany i w wiele innych miejsc, a wszystko to relacjonuje on w swych poruszających i wstrząsających opowieściach przypadkowo spotkanym osobom.', 850, TO_DATE('23/06/1994', 'DD/MM/YYYY'));
INSERT INTO public.movie VALUES ('e71f6551-21e8-417b-88a0-7a90bce73873', 'Lot nad kukułczym gniazdem', 'Główny bohater filmu, McMurphy(Jack Nicholson), złodziejaszek, szuler i chuligan, chcąc uniknąć więzienia udaje psychicznie chorego, tym samym idąc do zakładu psychiatrycznego zamiast do celi. Jednak powoli przekonuje się, że szpital wcale nie jest bezpiecznym azylem, gdzie można przyjemnie spędzić czas. Całym oddziałem rządzi despotyczna siostra Ratched (Louise Fletcher), która nie unika psychicznych i fizycznych ataków na pacjentów, stosując okrutne i bolesne metody zaprowadzające spokój. McMurphy widząc swoich zastraszonych współtowarzyszy, postanawia się zbuntować i pokazać, kto tu rządzi. Jednak jego bunt przynosi niespodziewane i drastyczne skutki zarówno dla niego samego, jak i innych pacjentów.', 850, TO_DATE('01/11/1975', 'DD/MM/YYYY'));
INSERT INTO public.movie VALUES ('3a787243-a384-4ae1-a20b-f94b13fa7521', 'Ojciec chrzestny II', 'Francis Ford Coppola kontynuuje trylogię "Ojciec chrzestny" ponownie współpracując z pisarzem Mario Puzo i ukazując losy dwóch pokoleń rodu Corleone w bezwzględnym dążeniu do władzy. Reżyser podzielił swój film na dwie części. W pierwszej, stanowiącej swoisty prequel, przedstawił losy młodego Don Vito, zagranego bezbłędnie przez Roberta De Niro, który za swą kreację otrzymał Oscara dla Najlepszego Aktora w Drugoplanowej Roli. Druga część, będąca kontynuacją oryginału, ukazuje przejmowanie przez Michaela (Al Pacino) władzy w mafijnej rodzinie. Ponownie gromadząc na planie wielu znakomitych aktorów, którzy przyczynili się do sukcesu pierwszego "Ojca Chrzestnego", Coppola stworzył bez wątpienia najlepszy sequel w dziejach kina. Film otrzymał jedenaście nominacji do Oscara i zdobył sześć statuetek, w tym za Najlepszy Film roku 1974.', 850, TO_DATE('12/12/1974', 'DD/MM/YYYY'));
INSERT INTO public.movie VALUES ('57d7e3d8-f699-4353-ad60-fd673f99e4d4', 'Władca Pierścieni: Powrót króla', 'Z Morgulu ciemności zaczynają nadciągać nad świat. Wtajemniczeni tkwią w niepewności, czy mały hobbit jeszcze żyje, czy jest w stanie wykonać misję zniszczenia Pierścienia zanim moc Saurona zwycięży? Mordor rozpoczyna najazd na Minas Tirith, a Rohan pędzi mu z odsieczą. Podczas oblężenia namiestnik Gondoru, Denethor(John Noble), popada w obłęd i próbuje spalić swojego syna i następcę, Faramira(David Wenham).Aragorn(Viggo Mortensen) decyduje się pójść "ścieżką Umarłych" i wyprowadza stamtąd Armię Umarłych. Pokonuje flotyllę korsarzy z Umbaru, by następnie ruszyć na pomoc swojemu państwu, pozostawionemu tak długo bez króla. Rozpina na maszcie statku, którym płynie, flagę z królewskim godłem Elendila, którego mieszkańcy Gondoru nie widzieli już od niepamiętnych lat. Król powraca! Jednak nie czas jeszcze, żeby objąć Gondor, to jeszcze nie jest kres wojny.Sauron może ponowić atak w każdej chwili, a co najważniejsze, nie może zorientować się w podstępie, bo wtedy powiernik Pierścienia nie wykona swojej misji. W końcu zapada decyzja, że wojska muszą ruszyć z taką pewnością siebie, aby sprawić wrażenie, że wśród nich znajduje się Pierścień. Tylko w ten sposób można odciągnąć uwagę stale węszącego Saurona. Jednak przybywa wysłannik Mordoru i przynosi kolczugę z mithrilu Froda (Elijah Wood), płaszcz elfów i miecz Sama (Sean Astin). Żąda poddania się w zamian za ocalenie życia hobbitów. Gandalf (Ian McKellen) odrzuca warunki i rozpoczyna się ostatnia rozpaczliwa bitwa, bitwa na śmierć i życie. Czyżby powiernik Pierścienia zawiódł?', 840, TO_DATE('01/12/2003', 'DD/MM/YYYY'));
INSERT INTO public.movie VALUES ('227e489f-3241-4e7c-bac2-a39bf3188089', 'Lista Schindlera', 'Oskar Schindler jest poważanym niemieckim przemysłowcem, który podczas II wojny światowej jest właścicielem dużej fabryki, w której w nieludzkich warunkach pracują Żydzi. Widząc cierpienie tych ludzi zaczyna ratować ich przed śmiercią w obozach koncentracyjnych. Film oparty jest na prawdziwej historii Oskara Schindlera, który podczas wojny ocalił przed śmiercią około 1100 ludzkich istnień.', 840, TO_DATE('30/11/1993', 'DD/MM/YYYY'));
INSERT INTO public.movie VALUES ('23ca518c-09a6-456c-b613-4470eefbf6fa', 'Pulp Fiction', 'Płatni mordercy, Jules(Samuel L. Jackson) i Vincent (John Travolta), dostają zlecenie, by odzyskać z rąk przypadkowych rabusiów tajemniczą walizkę bossa mafii.Nie dość tego, Vincent dostaje kolejną robotę-na czas nieobecności gangstera w mieście ma zaopiekować się jego poszukującą wrażeń żoną Mią (Uma Thurman). Vincent i Jules niespodziewanie wpadają po uszy, gdy przypadkowo zabijają zakładnika. Kłopoty ma też podupadły bokser (Bruce Willis), który otrzymał dużą sumę za przegranie swojej walki. Walkę jednak wygrywa, a Los Angeles staje się od tej chwili dla niego za małe. Specjaliści od mokrej roboty będą mieli co robić....', 830, TO_DATE('21/05/1995', 'DD/MM/YYYY'));
INSERT INTO public.movie VALUES ('e77171db-7bb5-4aaf-8b66-509b6f96e8f5', 'Życie jest piękne', 'Jest rok 1939, na krótko przed wybuchem II wojny światowej. Wojska niemieckie przekraczają granice Polski. Do odległego prowincjonalnego, słonecznego toskańskiego miasteczka Arezzo przybywa wraz ze swoim przyjacielem-poetą Ferruccio (Sergio Bustric) zabawny pół krwi Żyd, lekkoduszny Guido (Roberto Benigni). Giudo marzy o prowadzeniu własnej księgarni, którą chce otworzyć z pomocą wuja (Giustino Durano). Poza tym od pierwszego wejrzenia Giudo zakochuje się w młodej pięknej, aryjskiej nauczycielce z arystokratycznej rodziny Dorze (Nicoletta Braschi). W zabawny, ale skuteczny sposób próbuje przeszkodzić w jej ślubie z nazistowskim urzędnikiem Rodolfo (Amerigo Fontani). Czekając na pozwolenie na otwarcia księgarni Guido zatrudnia się w hotelu wujka. Tu poznaje niemieckiego doktora Lessinga (Horst Buchholz), z którym wspólnie rozwiązuje zagadki.  Po paru latach Guido i Dora są już małżeństwem i mają małego synka o imieniu Giosue (Giorgio Cantarini). W wyniku hitlerowskich, rasistowskich prześladowań Giudo, jego syn i wujek zostają wywiezieni do obozu koncentracyjnego. Giudo próbując złagodzić okrutną rzeczywistość w oczach dziecka i wmówić mu, że są w miejscu, gdzie odbywa się bardzo ważna gra.', 840, TO_DATE('20/12/1997', 'DD/MM/YYYY'));
INSERT INTO public.movie VALUES ('f86ff2bf-246f-4e75-ba37-140f7cf60be9', 'Siedem', 'Siedem. To liczba ofiar, których dosięgnie gniew jego wybrańca. To liczba sposobów odebrania życia, które on wybierze. To liczba dni tygodnia z życia deszczowej metropolii, które obejrzysz na ekranie, poznając zakamarki umysłu szaleńca. Ale czy na pewno jest on szalony, czy może szalone są tylko drogi, którymi prowadzi pozbawione empatii społeczeństwo do oświecenia?', 830, TO_DATE('15/09/1995', 'DD/MM/YYYY'));
INSERT INTO public.movie VALUES ('8cedb780-ce31-48de-928e-1b70b9a7cfd1', 'Władca Pierścieni: Dwie Wieże', 'Drużyna Pierścienia została rozbita. Z dziewięciu jej członków dwóch zginęło. Merry (Dominic Monaghan) i Pippin (Billy Boyd) zostają wzięci do niewoli przez orki. Aragorn (Viggo Mortensen), Legolas(Orlando Bloom) i Gimli (John Rhys-Davies) ruszają w pościg, aby ich odbić. Frodo (Elijah Wood) chce za wszelką cenę wypełnić misję Powiernika Pierścienia. Hobbit wie, że w pojedynkę łatwiej będzie mu umknąć przed szpiegami ścigającymi Drużynę Pierścienia. W misji tej wspiera go Sam (Sean Astin). Rozpoczyna się dużo trudniejszy etap misji Powiernika Pierścienia. Tymczasem Merry i Pippin, po wydostaniu się z niewoli, prowadzą armię pradawnych Entów do Isengardu, gdzie leży siedziba zdrajcy Sarumana (Christopher Lee). Aragorn, Legolas, Gimli i Gandalf Biały (Ian McKellen) wspierają Rohan w bitwie o Rogaty Gród, mającej odeprzeć najazd Isengardu. Członkowie rozbitej Drużyny Pierścienia rozumieją, że tylko tym sposobem mogą wspomóc Powiernika Pierścienia w jego misji.', 830, TO_DATE('05/12/2002', 'DD/MM/YYYY'));
INSERT INTO public.movie VALUES ('f74598da-3307-4ee0-9abb-9a61ac7dc615', 'Podziemny krąg', 'Młody yuppie (Edward Norton), wbity w narzucony przez "wyścig szczurów" styl życia, cierpi na bezsenność. Za namową lekarza trafia na spotkania terapeutyczne ludzi ciężko i śmiertelnie chorych. Paradoksalnie odnajduje-w spotkaniach pełnych bólu i cierpienia-spokój. Wkrótce spotyka na swej drodze przewrotnego anarchistę Tylera Durdena (Brad Pitt), który imponuje mu swym nieskrępowaniem i wyzwoleniem. Obaj szybko stają się swoim wzajemnym dopełnieniem. Organizują zamknięte walki-Podziemny Krąg, który przeradza się w paramilitarną organizację anarchistyczną.', 830, TO_DATE('10/09/1999', 'DD/MM/YYYY'));
INSERT INTO public.movie VALUES ('753c9770-a08d-4c57-bab6-5fc27ef99ada', 'Chłopcy z ferajny', 'Kilkunastoletni Henry, zafascynowany lokalną mafią i jej potęgą, dostaje się pod opiekę szanowanego w kręgach mafijnych gangstera Jimmyego Conwaya (Robert De Niro). Henry chce być taki jak Jimmy, pragnie mieć pieniądze, szacunek i przyjaciół. Do organizacji zostaje również przyjęty inny młody chłopak, Tommy DeVito. Obaj z łatwością uczą się nowych obowiązków i panujących w mafii reguł. Coraz bardziej też przyzwyczajają się do przemocy, okrucieństwa i ogromnych pieniędzy zdobywanych na drodze przestępstwa.', 830, TO_DATE('09/09/1990', 'DD/MM/YYYY'));
INSERT INTO public.movie VALUES ('74c32461-cf41-4cb9-81c4-026e1b5ce9ed', 'Joker', 'Historia jednego z cieszących się najgorszą sławą superprzestępców uniwersum DC — Jokera. Przedstawiony przez Phillipsa obraz śledzi losy kultowego czarnego charakteru, człowieka zepchniętego na margines. To nie tylko kontrowersyjne studium postaci, ale także opowieść ku przestrodze w szerszym kontekście.', 830, TO_DATE('31/08/2019', 'DD/MM/YYYY'));
INSERT INTO public.movie VALUES ('8e8c009a-300a-4b9d-b9a3-ce9fe829598e', 'Pianista', 'Ekranizacja wspomnień Władysława Szpilmana. W roli głównej Adrien Brody ("Cienka czerwona linia", "Mordercze lato").  Władysław Szpilman, wybitny polski pianista żydowskiego pochodzenia żyje w warszawskim getcie. Dzieli tam okrutny los i upokorzenie swojego narodu. Przed ostateczną "wywózką" mieszkańców getta do obozów zagłady udaje mu się stamtąd uciec. Ukrywa się samotnie w ruinach Warszawy. Niespodziewanie to przyjaźń z niemieckim oficerem pozwoli mu przetrwać najcięższy okres...', 830, TO_DATE('24/05/2002', 'DD/MM/YYYY'));
INSERT INTO public.movie VALUES ('6902986f-de4f-4c34-ae44-8ee8cce97b71', 'Piękny umysł', 'GenJest rok 1947. John Forbes Nash Jr. (Russell Crowe) właśnie przybył na Uniwersytet Princeton, aby rozpocząć podyplomowe studia matematyczne. "Tajemniczy geniusz z Zachodniej Wirginii" nie może się poszczycić elitarnym wykształceniem prywatnych szkół średnich ani też odpowiednim zapleczem finansowym, które ułatwiłyby mu wejście w środowisko prestiżowych amerykańskich uniwersytetów-Ivy League. Jedyne, co przemawia na jego korzyść, to wiedza i upór. Sytuacja nie jest prosta ani dla Nasha, ani też "towarzystwa" z Princeton. Nash jest typem niepokornym, nic sobie nie robi z wewnętrznych subtelnych praw, którymi rządzi się akademicki światek, jak również z obowiązku regularnego uczęszczania na zajęcia. Obsesyjnie wręcz myśli tylko o jednym-znalezieniu naprawdę oryginalnego pomysłu, który wszystkich powaliłby na kolana. Jak mniema, w ten sposób raz na zawsze mógłby ustalić swoją pozycję i znaczenie w środowisku naukowym. Wydział matematyki na Uniwersytecie Princeton rządzi się brutalnymi prawami konkurencji, zatem wielu studentów, widzących w Nashu realne naukowe zagrożenie, z chęcią widziałoby go na pozycji straconej. Mimo to do pewnego stopnia tolerują go i zupełnie nieświadomie popychają do sukcesu. To właśnie w ich towarzystwie, zabawiając pewnego wieczoru w lokalnym pubie, zainspirowany reakcją kolegów i ich rywalizacją o względy ponętnej blondynki, Nash doznaje swoistego "olśnienia". Myśl, która w niejasnej formie krążyła do tej pory w jego głowie, nabiera realnych kształtów. W rezultacie powstaje praca na temat teorii gier-z dziedziny matematyki konkurencji-która w odważny sposób obala twierdzenia doktryny Adama Smitha, ojca współczesnej ekonomii. Ciesząca się uznaniem przez ponad sto pięćdziesiąt lat teoria Smitha z dnia na dzień traci swoją rację bytu, a życie Nasha zmienia się raz na zawsze...', 830, TO_DATE('13/12/2001', 'DD/MM/YYYY'));
INSERT INTO public.movie VALUES ('d840e4e7-7760-4649-a8f0-d6e311062d43', 'Incepcja', 'Światowej sławy filmowiec Christopher Nolan wyreżyserował film z gwiazdorską obsadą, który zabiera widzów w podróż dookoła ziemskiego globu oraz w głąb intymnego i nieskończonego świata snów. Dom Cobb (Leonardo DiCaprio) jest niezwykle sprawnym złodziejem, mistrzem w wydobywaniu wartościowych sekretów ukrytych głęboko w świadomości podczas fazy snu, kiedy umysł jest najbardziej wrażliwy. Wyjątkowe umiejętności Cobba uczyniły z niego ważnego gracza w świecie szpiegostwa przemysłowego, ale i najbardziej poszukiwanego zbiega, a za swoją pozycję zapłacił utratą wszystkiego, co kocha. Teraz Cobb otrzymuje szansę na odkupienie. Za sprawą jednego, ostatniego zadania może odzyskać stracone życie. Musi tylko wraz ze swym zespołem dokonać rzeczy niemożliwej: zamiast skraść myśl, zaszczepić ją w śpiącym umyśle. Jeśli im się to uda, dokonają zbrodni doskonałej. Jednak nawet najbardziej precyzyjne planowanie nie jest w stanie przygotować ich na spotkanie z niezwykłym przeciwnikiem, który potrafi przewidzieć każdy ich ruch. Wróg, którego tylko Cobb mógł się spodziewać.', 820, TO_DATE('08/07/2010', 'DD/MM/YYYY'));
INSERT INTO public.movie VALUES ('dd490a01-8a99-4b8e-baa9-e2c607d06e17', 'Django', 'Zdobywca Oskara® Jamie Foxx, wciela się w tytułową rolę niewolnika w filmie "Django", którego akcja rozgrywa się na Południu Stanów Zjednoczonych dwa lata przed Wojną Secesyjną. Na skutek brutalnego traktowania przez byłych właścicieli, pewnego dnia staje twarzą w twarz z pochodzącym z Niemiec łowcą nagród dr Kingiem Schultzem (zdobywca nagrody Akademii®-Christoph Waltz). Schultz jest właśnie na tropie niebezpiecznych braci Brittle i tylko Django może go do nich zaprowadzić. Nie poddający się konwencjom Schultz wykupuje Django obiecując, że zwróci mu wolność tuż po schwytaniu braci Brittle – żywych lub martwych. Schultz odnajduje braci, dotrzymuje swojej obietnicy i uwalnia Django. Wspólnie z byłym niewolnikiem, Schultz tropi najbardziej poszukiwanych kryminalistów. Django ma przed sobą jeden cel: odnaleźć i uratować Broomhildę (Kerry Washington), żonę, którą utracił na targu niewolników wiele lat temu. Poszukiwania Django i Schultza prowadzą ich do Calvina Candie (Leonardo DiCaprio), właściciela "Candylandu", owianej złą sławą plantacji, na której niewolnicy szkoleni są do walk między sobą przez trenera Ace''a Woody''ego (Kurt Russell). Dostając się na teren Candiego pod fałszywym pretekstem, Django i Schultz wzbudzają podejrzliwość Stephena (Samuel L. Jackson), zaufanego niewolnika Candiego. Każdy ich ruch jest obserwowany, a niebezpieczna organizacja zaciska wokół nich swoje macki. Jeśli Django i Schultz chcą uciec z Broomhildą, będą musieli wybierać między niezależnością i solidarnością oraz poświęceniem i przetrwaniem…', 830, TO_DATE('11/12/2012', 'DD/MM/YYYY'));
INSERT INTO public.movie VALUES ('bcac8850-713a-4162-bf1b-189b04bcf65f', 'Milczenie owiec', 'Agentce FBI, Clarise Starling (Jodie Foster), zostaje powierzona sprawa "Buffalo Billa", seryjnego mordercy wyróżniającego się szczególnym okrucieństwem wobec swych ofiar, które odziera ze skóry. Sprawę pomaga jej rozwikłać inny, niezwykle inteligentny i niebezpieczny morderca-Hannibal Lecter (Anthony Hopkins)-pacjent więziennego centrum psychiatrycznego. Hannibal jest zauroczony Clarice, a w zamian za odkrywanie przez nią części swej przeszłości, kawałek po kawałku odkrywa dla niej tajemnicę morderstw. ', 820, TO_DATE('30/01/1991', 'DD/MM/YYYY'));
INSERT INTO public.movie VALUES ('b10dc2c0-db4e-45dc-8da5-e311903f3025', 'Król Lew', 'Film opowiada o losach Simby, młodego lwa, który-oskarżony o nieumyślne zabójstwo swojego ojca, króla Lwiej Skały-zostaje skazany na wygnanie. Władzę w królestwie obejmuje Skaza, brat zmarłego władcy. Mija kilka lat. Pewnego dnia Simba spotyka dawną przyjaciółkę, od której dowiaduje się, że królestwo chyli się ku upadkowi. Młody następca tronu postanawia powrócić do dawnej ojczyzny i odzyskać zabrany mu podstępem tron.', 820, TO_DATE('12/04/1994', 'DD/MM/YYYY'));
INSERT INTO public.movie VALUES ('26241d00-8154-4d64-974c-d5c25e2b44fd', 'Człowiek z blizną', 'W 1980 roku rząd Fidela Castro, podczas akcji łączenia rodzin, pozbył się przy okazji dwudziestu pięciu tysięcy kryminalistów, których przymusowo deportowano do Stanów Zjednoczonych. Jednym z nich był Anthony "Tony" Montana (Al Pacino), zwany "Caracortada", który ma wytatuowany na ręce znak, oznaczający w przestępczym kodzie mordercę. Tony i jego kumpel Manolo Ray (Steven Bauer), przenoszą się do Miami. Kartę stałego pobytu otrzymują w zamian za przysługę oddaną gangowi handlarzy narkotykami. Frank Lopez (Robert Loggia), jeden z wielkich szefów, włącza go do grupy najbliższych współpracowników i wprowadza w światowe życie. Wkrótce Montana zazdrości mu pozycji, klasy, majątku oraz pięknej kobiety, Elviry(Michelle Pfeiffer) i chce zająć jego miejsce.', 830, TO_DATE('01/12/1983', 'DD/MM/YYYY'));
INSERT INTO public.movie VALUES ('85a9465a-bdf8-4444-8066-6ede9534e80c', 'Gran Torino', 'Walt Kowalski, weteran wojny w Korei i zapiekły rasista z krwi i kości o stalowej woli, żyjący w świecie, który nieustannie ulega zmianom, zostaje zmuszony przez sąsiadów-imigrantów, którzy wraz ze swoją rodziną wprowadzili się po sąsiedzku, do trudnej konfrontacji z własnymi zadawnionymi uprzedzeniami. A wszystko zacznie się od klasycznego samochodu Kowalskiego-Gran Torino z 1972 roku.', 820, TO_DATE('09/12/2008', 'DD/MM/YYYY'));
INSERT INTO public.movie VALUES ('08d4ebc2-3037-4b27-86b7-da243ea87d7f', 'Coco', 'Bohaterem filmu jest Miguel. W jego rodzinie od pokoleń muzyka jest zakazana. Jednak Miguel marzy, by pójść w ślady swojego idola, wielkiego muzyka Ernesta de la Cruza. Zdesperowany chce udowodnić światu swój talent, a to – za sprawą serii przedziwnych wydarzeń – doprowadzi go do niezwykle kolorowej Krainy Umarłych. Po drodze spotyka uroczego oszusta Hectora. Wspólnie spróbują rozwikłać tajemnicę z przeszłości rodziny Miguela...', 830, TO_DATE('20/10/2017', 'DD/MM/YYYY'));
INSERT INTO public.movie VALUES ('63e31f25-3246-40bb-b673-02ff2d00e5e4', 'Wyspa tajemnic', 'Akcja filmu rozgrywa się w 1954 roku na pięknej wyspie Zatoki Bostońskiej. W tak bajecznym miejscu znajduje się szpital dla obłąkanych przestępców. Na wyspie będzie prowadzone śledztwo w sprawie tajemniczego zniknięcia jednej z pacjentek. Sprawa jest prowadzona przez federalnych szeryfów Tedda i Chucka. Kobieta zniknęła z pokoju, który był zamknięty, a w oknach były kraty. Pozostała po niej tylko zaszyfrowana wiadomość. Nad wyspę nadciąga huragan i łączność z resztą świata zostaje zerwana. ', 820, TO_DATE('13/02/2010', 'DD/MM/YYYY'));
INSERT INTO public.movie VALUES ('1e6b899e-95a2-43da-b387-5e65b82cda05', 'Leon zawodowiec', 'Leon (Jean Reno) jest płatnym zabójcą. W niczym nie przypomina męskiego, twardego i nieposkromionego złoczyńcy. Wręcz przeciwnie: jest cichy, spokojny, na co dzień pije mleko. Pewnego dnia skorumpowana policja zabija swojego dostawcę narkotyków i jego rodzinę. Przeżyła tylko córka, która postanawia zemścić się na zabójcach. To niezwykle trudne zlecenie otrzymuje Leon, u którego młoda dziewczyna znajduje schronienie.', 810, TO_DATE('14/09/1994', 'DD/MM/YYYY'));
INSERT INTO public.movie VALUES ('21139731-a3e5-4eaa-aad1-6827db61a7ff', 'Więzień nianawiści', 'Przywódca miejscowej organizacji nazistowskiej (Derek) wychodzi z więzienia, do którego trafił za morderstwo na tle rasowym. Cały nazistowski krąg hucznie go wita i cieszy się z jego wyjścia na wolność. Jednak przede wszystkim na jego widok cieszy się młodszy brat (Daniel) dla którego Derek jest wielkim autorytetem. Z czasem zauważa on zmianę w zachowaniu Dereka, który przestał już być żądnym czystości rasy bohaterem, a stał się bratem, który w poczuciu obowiązku i troski o przyszłe życie młodszego brata, stara się odwieść go od nazistowskiej ideologii. Derek opowiada mu o przeżytych doświadczeniach w więzieniu, które miały wpływ na jego diametralną przemianę, mając nadzieję że to zmieni poglądy Daniela. Jednak czy to wystarczy...?', 820, TO_DATE('01/07/1998', 'DD/MM/YYYY'));
INSERT INTO public.movie VALUES ('2ab517fc-d711-4313-a8f0-7448c599590f', 'Green Book', 'Tony, drobny cwaniaczek z Bronxu, z nadzieją na zgarnięcie konkretnej sumki, zatrudnia się jako szofer wybitnego, ekstrawaganckiego muzyka Dona Shirleya. Razem wyruszają w wielotygodniowe tournée na południe Stanów Zjednoczonych. Z pozoru różni ich wszystko: od majątku i wykształcenia, przez sposób bycia, po ulubione jedzenie i rozrywki. Z czasem jednak będą mieli okazję przekonać się, że tak naprawdę więcej ich łączy, niż dzieli. Ich wspólna, pełna przygód podróż stanie się początkiem nieprawdopodobnej przyjaźni. ', 820, TO_DATE('11/09/2019', 'DD/MM/YYYY'));
INSERT INTO public.movie VALUES ('7834971b-9261-4c8c-9bd5-e2350dd19fbe', 'The Hurt Locker. W pułapce Wojny', 'Akcja filmu dzieje się w Iraku i opowiada o dokonaniach elitarnej jednostki saperów. Zmuszeni do niebezpiecznej gry w kotka myszkę w zamęcie wojny, łączą swoje siły, gdyż w miejscu, w którym sie znajdują każdy człowiek może się okazać potencjalnym wrogiem, a każdy obiekt-śmiertelną bombą.', 730, TO_DATE('04/09/2008', 'DD/MM/YYYY'));
INSERT INTO public.movie VALUES ('c93c76da-1c86-4598-a67a-0e72f7dda864', 'Wind River. Na przeklętej ziemi', 'Pracujący na terenie indiańskiego rezerwatu Wind River lokalny tropiciel Cory Lambert (Jeremy Renner) znajduje w pokrytych śniegiem leśnych ostępach zwłoki nastoletniej dziewczyny. Przed śmiercią ofiara została brutalnie zgwałcona. Na miejsce zbrodni przybywa młoda agentka FBI Jane Banner (Elizabeth Olsen). Jest niedoświadczona, nie zna ludzi, a miejscowi nie ufają obcym, tym bardziej białym. Czy korzystając z pomocy Lamberta uda się jej skłonić do mówienia zamkniętą indiańską społeczność i odnaleźć sprawców, zanim sypiący śnieg zatrze wszystkie ślady?', 740, TO_DATE('21/01/2017', 'DD/MM/YYYY'));
INSERT INTO public.movie VALUES ('39918b24-7317-402f-bc00-d295e7b4ee7b', 'Miasto złodziei', 'Doug MacRay (Ben Affleck) jest niereformowalnym kryminalistą i przywódcą szajki bezwzględnych złodziei okradających banki, których nikt nigdy nie złapał jeszcze na gorącym uczynku. Nie zdarza mu się również wchodzić w zażyłe relacje z ludźmi, co sprawia, że nie obawia się utraty bliskich mu osób. Sytuacja zmienia się, kiedy podczas jednego z napadów zakładniczką zostaje dyrektor banku, Claire Keesey (Rebecca Hall), którą przestępcy puszczają wolno. Kobieta żyje w ciągłym strachu, wiedząc, że złodzieje znają jej adres i nazwisko. Oczarowana jednak skromnym mężczyzną o imieniu Doug szybko zapomina o swoim strachu, nie wiedząc jednocześnie, że to ten sam człowiek, który zaledwie kilka dni temu przetrzymywał ją jako zakładniczkę. Zauroczenie od pierwszego spotkania stopniowo zmienia się w pełen namiętności romans, który może mieć dla pary niebezpieczne, a nawet śmiertelne, konsekwencje.', 720, TO_DATE('08/09/2010', 'DD/MM/YYYY'));
INSERT INTO public.movie VALUES ('99ee3dff-cf51-46e5-a6a6-8e0ff0faf90b', 'Avengers', 'Nick Fury jest szefem międzynarodowej agencji S.H.I.E.L.D., która czuwa nad światowym bezpieczeństwem. W obliczu globalnego zagrożenia staje przed zadaniem stworzenia drużyny, która podoła najbardziej nieprawdopodobnym wyzwaniom. Do swojego zespołu rekrutuje ludzi z niezwykłymi zdolnościami. Znajdą się w nim słynne postaci z uniwersum Marvela-Iron Man, Hulk, Thor, Kapitan Ameryka, Sokole Oko i Czarna Wdowa. Porozumienie w drużynie złożonej z takich indywidualności nie będzie łatwe do osiągnięcia. Fury wie jednak, że tylko działając wspólnie mogą ocalić świat przed zniszczeniem.', 750, TO_DATE('11/04/2012', 'DD/MM/YYYY'));
INSERT INTO public.movie VALUES ('ff439161-49b8-408a-837b-eff5759379b4', 'Avengers: Koniec Gry', 'Thanos (Josh Brolin) dołożył wszelkich starań, by zrównać wszechświat z ziemią w wyniku czego Tony Stark-Iron Man (Robert Downey Jr.) i Nebula (Karen Gillan) utknęli na planecie Tytan.Tymczasem Kapitan Ameryka (Chris Evans) podejrzewa, że sygnał alarmowy przed niszczycielskimi wydarzeniami zablokował Nick Fury (Samuel L. Jackson), aby w ten sposób móc wprowadzić posiłki. Avengersi postanawiają działać. Ich drogi krzyżują się z Ant-Manem (Paul Rudd) oraz Kapitan Marvel (Brie Larson), którzy dołączają do zespołu i wspólnie z superbohaterami jednoczą siły w walce z Thanosem.', 800, TO_DATE('10/04/2019', 'DD/MM/YYYY'));
INSERT INTO public.movie VALUES ('7b4512d0-d6c3-41b8-a7a1-d2953ede0a9b', 'Harry Potter i Kamień Filozoficzny', 'Harry jest jedyną osobą, której udaje się przeżyć spotkanie ze złym czarnoksiężnikiem-Lordem Voldemortem. W zdarzeniu jednak giną jego rodzice. Osierocony trafia pod opiekę ciotki Petunii i wuja Vernona. Podczas swoich 11 urodzin dowiaduje się, że odziedziczył po rodzicach magiczne zdolności. Wkrótce trafia do szkoły dla czarodziejów-Hogwart. Na miejscu zapozna się z tajnikami quidditcha-dość nietypowego sportu, nauczy się latać na miotle, spotka jednorożce i centaury. Przede wszystkim zaś zmierzy się z siłami zła.', 750, TO_DATE('04/11/2001', 'DD/MM/YYYY'));
INSERT INTO public.movie VALUES ('0dadab94-8ef7-4448-b465-56818ae72c48', 'Harry Potter i Komnata Tajemnic', 'Harry Potter (Daniel Radcliffe) powraca do Hogwartu, aby ponownie zmierzyć się z niebezpieczeństwem, tym razem zagrażającym również jego najlepszej przyjaciółce. Podczas drugiego roku pobytu w Szkole Magii i Czarodziejstwa młody Potter spotyka starych wrogów, poznaje nowego nauczyciela, odkrywa w sobie kolejne zdolności, unika śmierci z rąk domowego skrzata chcącego za wszelką cenę uratować mu życie i wraz z dwójką swoich przyjaciół, Ronem(Rupert Grint) i Hermioną (Emma Watson) znów udaje mu się rozwiązać trudną zagadkę.', 740, TO_DATE('03/11/2002', 'DD/MM/YYYY'));
INSERT INTO public.movie VALUES ('20b0a052-7941-4741-9f7d-d520c160bc75', 'Harry Potter i Insygnia Śmierci: Część II', 'W drugiej części widowiskowego zakończenia serii walka sił dobra z siłami zła świata czarodziejów przeistacza się w otwartą wojnę. Stawka nigdy nie była tak wysoka; nikt nie może czuć się bezpieczny. Być może w trakcie nieuchronnie zbliżającej się ostatecznej rozgrywki z Lordem Voldemortem to Harry Potter będzie zmuszony do ostatecznego poświęcenia. Tak kończy się cała opowieść.', 770, TO_DATE(' 07/07/2011 ', 'DD/MM/YYYY'));
INSERT INTO public.movie VALUES ('b1c354c3-c8dd-420a-9d9d-3016a30fd4c4', 'Harry Potter i Czara Ognia', 'W Hogwarcie rozgrywa się Turniej Trójmagiczny, na który przybywają uczniowie szkół z Francji i Bułgarii. Zgodnie ze starą tradycją, do turnieju mają być wybrani trzej przedstawiciele, każdej ze szkół. Jednak dziwnym zbiegiem okoliczności do turnieju zostaje wybranych czterech uczestników, w tym i Harry Potter. Odtąd na głównego bohatera czekają trzy zadania, a w związku z nimi wiele niesamowitych i niebezpiecznych przygód. Film "Harry Potter i Czara Ognia" to czwarta z kolei ekranizacja powieści J.K. Rowling.', 760, TO_DATE('06/11/2005', 'DD/MM/YYYY'));
INSERT INTO public.movie VALUES ('6a25a40b-0eed-4461-a05b-0f20c4825bcc', 'Harry Potter i Insygnia Śmierci: Część I', 'Kolejna i zarazem przedostatnia część przygód znanego czarodzieja. Tym razem Harry i jego dwójka przyjaciół, Ron i Hermiona, będą musieli zmierzyć się z misją jaką powierzył im Dumbledore. Ich zadaniem jest odnalezienie Horkruksów, tajemniczych przedmiotów, w których Ten, Którego Imienia Nie Wolno Wymawiać ukrył części swojej duszy. Od samego początku trójka przyjaciół musi zmierzyć się z przeciwnościami, ponieważ ścigają ich śmierciożercy i szmalcownicy. Ministerstwo Magii i szkoła magii w Hogwarcie zostały przejęte przez siły Voldemorta, a najwyższą  władzę i tym samym miejsce dyrektora szkoły objął Severus Snape, prawa ręka Czarnego Pana. W tych czasach nikt nie morze czuć się bezpieczny, a szczególnie ci czarodzieje, którzy nie mają czystej krwi. Harry, Ron i Hermiona pozornie pozostawieni sami sobie, mogą jednak liczyć na pomoc Dumbledorea, który niczym zza grobu pomaga im odnaleźć Horkruksy i przygotowuje ich na ostateczne starcie. Ale czy mimo tej pomocy Harry zdoła odnaleźć odpowiedź na pytanie: czym są Insygnia Śmierci i dlaczego Dumbledorowi tak zależało by je odnalazł?', 750, TO_DATE('11/11/2010', 'DD/MM/YYYY'));
INSERT INTO public.movie VALUES ('de7c71e9-c261-487d-8072-7357feb64c77', 'Harry Potter i Książę Półkrwi', 'Lord Voldemort zaciska swoją złowieszczą pętlę wokół świata Mugoli i czarodziejów, a Hogwart przestaje być – jak dawniej-bezpieczną przystanią. Harry podejrzewa, że niebezpieczeństwo może czaić się w samym zamku, ale Dumbledorowi zależy raczej na przygotowaniu go do ostatecznego starcia, które jego zdaniem nastąpi niebawem. Razem usiłują znaleźć broń zdolną skruszyć zapory Voldemorta. Harry’emu coraz bardziej podoba się Ginny...niestety, Dean Thomas jest nią również zainteresowany. Lavender Brown dochodzi do wniosku, że Ron jest jej przeznaczeniem, nie bierze tylko pod uwagę czekoladek Romildy Vane! No i oczywiście Hermiona, przeżywająca męki zazdrości, lecz zdecydowana nie ujawniać uczuć. Gdy romanse kwitną, tylko jeden uczeń pozostaje wyniosły i obojętny. Postanowił wywrzeć swoje niezatarte – choć mroczne – piętno na życiu Akademii. Miłość wisi w powietrzu, lecz za nią czai się dramat i Hogwart być może już nigdy nie będzie taki jak przedtem. ', 750, TO_DATE('06/07/2009', 'DD/MM/YYYY'));
INSERT INTO public.movie VALUES ('e8252f57-7be5-456b-90d8-1203c9b502f0', 'Harry Potter i Zakon Feniksa', 'Harry Potter tym razem nie może mieć spokojnych wakacji. Lord Voldemort powrócił, a prasa czarodziejska milczy na ten temat. Na mugolskim osiedlu Little Whinging pojawiają się Dementorzy, a zbzikowana sąsiadka Dursleyów pani Figg jest charłakiem! W dodatku Harry staje przed całym Wizengamotem za użycie czarów przez nieletniego, a Straż Przednia zabiera go do kwatery głównej Zakonu Feniksa-organizacji powołanej przez Dumbledora do walki z Sam-Wiesz-Kim. Tymczasem w Hogwarcie rządy przejmuje sprzymierzeniec Korneliusza Knota i nauczycielka obrony przed czarną magią profesor Umbridge. Wygląda na to, że nikt nie wierzy Harryemu i Dumbledorowi, że Lord Voldemort odrodził się na nowo. Kiedy zaatakuje wszystko wyjdzie na jaw, ale czy wtedy nie będzie już za późno?', 750, TO_DATE('28/06/2007', 'DD/MM/YYYY'));
INSERT INTO public.movie VALUES ('3ddad54a-96f5-4166-af25-8fb46d192522', 'Harry Potter i więzień Azkabanu', 'Harry Potter i jego najlepsi przyjaciele Ron i Hermiona, po przerwie letniej powracają do Hogwartu, aby rozpocząć trzeci rok nauki. W tym samym czasie z pilnie strzeżonego więzienia dla czarodziejów ucieka niebezpieczny przestępca-Syriusz Black! Wszystko wskazuje na to, że Black poluje na Harryego. Cały świat czarodziejów rozpoczyna poszukiwania zbiega; z Azkabanu zostają wysłane przerażające istoty-Dementorzy, w celu zabicia przestępcy... Film "Harry Potter i więzień Azkabanu" to trzecia z kolei ekranizacja powieści J.K. Rowling.', 770, TO_DATE(' 23/05/2004 ', 'DD/MM/YYYY'));
INSERT INTO public.movie VALUES ('a8b79338-341a-4b32-b3e2-bff2ce6894fd', 'Wojna o prąd', 'Mordercza rywalizacja Edisona i Gaute Tesli o to, który system elektryczny zrewolucjonizuje nie tylko współczesny obu wynalazcom świat, ale cały następny wiek.', 620, TO_DATE('09/09/2017', 'DD/MM/YYYY'));
INSERT INTO public.movie VALUES ('c144008c-d7b4-4b20-b7c3-aa1af3461298', 'Casino Royale', 'Kolejna, 21. już część przygód Jamesa Bonda (Daniel Craig)-agenta wszech czasów w szeregach brytyjskiego kontrwywiadu (MI6). Tym razem jednak twórcy postanowili powrócić do korzeni, tj.początków szpiegowskiej kariery głównego bohatera-okresu, w którym uzyskuje on dopiero status podwójnego zera, czyli "licencję na zabijanie". Młody agent zapowiada się na tyle obiecująco, że szefowa wywiadu, M(Judi Dench), zleca mu pierwszą ważną misję. Bond, współpracując z urzędniczką Ministerstwa Finansów-Vesper Lynd (Eva Green) i kolegą z CIA, Feliksem Leiterem (Jeffrey Wright), ma rozpracować siatkę terrorysty imieniem Mollaka (Sebastien Foucan). Śledztwo prowadzi go na Wyspy Bahama. Tam 007 poznaje tajemniczych biznesmenów: Aleksa Dimitriosa (Simon Abkarian) i Le Chiffrea (Mads Mikkelsen). Podejrzewa ich o współpracę z Mollaką. Rzeczywiście, Le Chiffre to gangster, który pełni rolę bankiera międzynarodowej organizacji terrorystycznej. Czarny charakter ma jednak nóż na gardle. Roztrwonił bowiem pieniądze powierzone mu przez mocodawców. Aby szybko się wzbogacić, chce wziąć udział w prestiżowym turnieju pokera, który ma się rozegrać właśnie w tytułowym, czarnogórskim domu gier-"Le Casino Royale". Jeśli wygra astronomiczną stawkę, będzie bezpieczny, bo pieniądze ponownie trafią na konto terrorystów. Jeśli przegra, zginie.Zadanie dla Jamesa Bonda jest jasne: Le Chiffre nie może wygrać. Dzięki pomocy pięknej Vesper, agent siada do rozgrywki przy karcianym stole. Domyśla się, że Le Chiffre nie ma zamiaru przegrać i zrobi wszystko, aby pozbyć się konkurencji-jeśli ta, choćby w niewielkim stopniu, spróbuje przeszkodzić mu w rozbiciu banku...', 750, TO_DATE('14/11/2006', 'DD/MM/YYYY'));
INSERT INTO public.movie VALUES ('fcff6fba-f22b-4175-b8d6-caf1529cf03b', 'Nie czas umierać', 'James Bond opuszcza czynną służbę i cieszy się spokojnym życiem na Jamajce. Tymczasem jednak jego stary przyjaciel Felix Leiter z CIA zwraca się do niego o pomoc. Misja uratowania porwanego naukowca okazuje się o wiele bardziej zdradliwa, niż mogłoby się wydawać i naprowadza agenta 007 na ślad tajemniczego złoczyńcy, dysponującego nową, niezwykle niebezpieczną technologią.', 690, TO_DATE('28/09/2021', 'DD/MM/YYYY'));
INSERT INTO public.movie VALUES ('8e82dbe4-e026-4fa7-a647-a5226ab81875', 'Na noże', 'Słynny autor powieści kryminalnych Harlan Trombley zostaje znaleziony martwy w swej posiadłości dzień po 85-tych urodzinach. Śledztwo prowadzi równie elegancki, co dociekliwy detektyw Benoit Blanc. Dzień przed fatalnym zejściem Trombleya w jego posiadłości odbyła się huczna uroczystość z udziałem jego dość szczególnej rodziny. Detektyw Blanc podejrzewa wszystkich, łącznie z najbardziej oddaną służącą denata. Z determinacją i wprawą przedziera się przez sieć rodzinnych zależności, zawiści, wzajemnych oskarżeń i finansowych oczekiwań. Motyw ma tu każdy, jak to w rodzinie. Okazji podczas urodzin seniora rodu również nie brakowało nikomu, ale sprawca może być tylko jeden. Zamknięci w luksusowej posiadłości, poddani nieszablonowym metodom śledczym Blanca, "bliscy" Trombleya zmuszeni są do podjęcia morderczej gry, której wynik do ostatniej chwili pozostanie zagadką.', 780, TO_DATE('07/09/2019', 'DD/MM/YYYY'));
INSERT INTO public.movie VALUES ('5ca5976d-0e66-4dd3-912a-8730f5dc84aa', 'Skyfall', 'Po ataku na siedzibę MI6 M zostaje zmuszona do przeniesienia działalności do podziemnego centrum. Jej każdy krok śledzi nowy przewodniczący Komitetu Wywiadu i Bezpieczeństwa, Mallory.M może zaufać tylko Bondowi. Bez względu na konsekwencje 007 będzie musiał wytropić i zniszczyć zagadkowego przeciwnika. Z pomocą agentki Eve Bond podąża tropem tajemniczego i bezwzględnego Raoula Silvy. Z czasem zaczyna odkrywać motywy jego działań.', 740, TO_DATE('23/10/2012', 'DD/MM/YYYY'));
INSERT INTO public.movie VALUES ('464b01d2-0db8-4055-b704-320653e7ece5', 'Dziewczyna z tatuażem', 'Film zrealizowany na podstawie bestsellerowej książki. Mikael Blomkvist, znany dziennikarz oskarżony o zniesławienie, otrzymuje nietypowe zlecenie od właściciela koncernu przemysłowego, Henrika Vangera. Ma zbadać sprawę tajemniczego zaginięcia 16-letniej Harriet Vanger, które miało miejsce w latach 60-tych. Blomkvist nie wie, że każdy jego krok jest śledzony przez niezwykle inteligentną hakerkę, Lisbeth Salander, która wykonuje to na prośbę Vangera. Śledztwo z czasem zaczyna odkrywać krwawą i niebezpieczną historię rodziny Vanger.', 770, TO_DATE('12/12/2011', 'DD/MM/YYYY'));
INSERT INTO public.movie_actors VALUES ('7eea7a2f-3fca-4d18-804e-163d75e32166', 'a2482f2a-417a-4813-a59d-bd762adf2485');
INSERT INTO public.movie_actors VALUES ('d5d2ad0c-ae2f-4747-abb3-767e396ffb35', 'c3031f69-59e2-4ee8-bb1a-12b0ae851c2c');
INSERT INTO public.movie_actors VALUES ('d8dfef6a-250a-48e8-8c07-9a50733e8e3b', '6d6fbd17-c120-4660-b937-da4c0ab74324');
INSERT INTO public.movie_actors VALUES ('d8dfef6a-250a-48e8-8c07-9a50733e8e3b', '50b7d6ec-5a8a-4063-aa92-8722306aeb03');
INSERT INTO public.movie_actors VALUES ('7c9af180-495d-4400-a74a-4e1438ce9e6b', '4150987f-0d9f-4dbc-ad04-157590a23413');
INSERT INTO public.movie_actors VALUES ('7c9af180-495d-4400-a74a-4e1438ce9e6b', '3a787243-a384-4ae1-a20b-f94b13fa7521');
INSERT INTO public.movie_actors VALUES ('7c9af180-495d-4400-a74a-4e1438ce9e6b', '26241d00-8154-4d64-974c-d5c25e2b44fd');
INSERT INTO public.movie_actors VALUES ('4b2bff3d-a892-44d5-b190-f6739a604107', 'eea11c26-f6ca-4fd9-82e8-250ce7393704');
INSERT INTO public.movie_actors VALUES ('2e34995a-7d72-45f3-b4ce-8023d0a26f33', 'e71f6551-21e8-417b-88a0-7a90bce73873');
INSERT INTO public.movie_actors VALUES ('70c56f47-3c21-4c64-8f08-769fcb45d2ee', '57d7e3d8-f699-4353-ad60-fd673f99e4d4');
INSERT INTO public.movie_actors VALUES ('70c56f47-3c21-4c64-8f08-769fcb45d2ee', '8cedb780-ce31-48de-928e-1b70b9a7cfd1');
INSERT INTO public.movie_actors VALUES ('8a2e6d7f-cdfb-44b7-a064-a40cc33ec8c5', '227e489f-3241-4e7c-bac2-a39bf3188089');
INSERT INTO public.movie_actors VALUES ('d2e88b78-9e1a-4650-bc6e-626c2c3e6729', '23ca518c-09a6-456c-b613-4470eefbf6fa');
INSERT INTO public.movie_actors VALUES ('a448ad95-55bc-4620-9e71-9ac9c88a48dd', 'e77171db-7bb5-4aaf-8b66-509b6f96e8f5');
INSERT INTO public.movie_actors VALUES ('7b720590-5b3f-4ffc-9700-3957a604faa3', 'f86ff2bf-246f-4e75-ba37-140f7cf60be9');
INSERT INTO public.movie_actors VALUES ('b986dd24-2371-4b5d-9280-c8a7afb91857', 'f74598da-3307-4ee0-9abb-9a61ac7dc615');
INSERT INTO public.movie_actors VALUES ('a29a2eb2-605a-47a7-a308-d33396c2b1c2', '753c9770-a08d-4c57-bab6-5fc27ef99ada');
INSERT INTO public.movie_actors VALUES ('2f9c68b4-799e-45a1-8dc2-fcd6891f7938', '74c32461-cf41-4cb9-81c4-026e1b5ce9ed');
INSERT INTO public.movie_actors VALUES ('4d40e03d-c5de-41ee-a1a6-15962bad8425', '8e8c009a-300a-4b9d-b9a3-ce9fe829598e');
INSERT INTO public.movie_actors VALUES ('b6db4dc4-6b73-4379-9ca2-8ec9ab254f1f', '6902986f-de4f-4c34-ae44-8ee8cce97b71');
INSERT INTO public.movie_actors VALUES ('a93343fa-6198-4e21-9be9-6587f75e7e0a', 'd840e4e7-7760-4649-a8f0-d6e311062d43');
INSERT INTO public.movie_actors VALUES ('a93343fa-6198-4e21-9be9-6587f75e7e0a', '63e31f25-3246-40bb-b673-02ff2d00e5e4');
INSERT INTO public.movie_actors VALUES ('e16049ca-bc25-49e1-a706-001bb2146033', 'dd490a01-8a99-4b8e-baa9-e2c607d06e17');
INSERT INTO public.movie_actors VALUES ('6d10fda8-e07d-46d2-ad72-adde2cf8e3ab', 'bcac8850-713a-4162-bf1b-189b04bcf65f');
INSERT INTO public.movie_actors VALUES ('434a4dc1-1e16-47e1-ac4c-09b49477f876', 'b10dc2c0-db4e-45dc-8da5-e311903f3025');
INSERT INTO public.movie_actors VALUES ('8f54000f-eba0-4dd2-94f6-39d647e13270', '85a9465a-bdf8-4444-8066-6ede9534e80c');
INSERT INTO public.movie_actors VALUES ('c6e4c5d2-6ab5-4eea-9df7-49ab8389f3f4', '08d4ebc2-3037-4b27-86b7-da243ea87d7f');
INSERT INTO public.movie_actors VALUES ('f02d868e-a3d1-425a-9d91-7a3a8ecc6872', '1e6b899e-95a2-43da-b387-5e65b82cda05');
INSERT INTO public.movie_actors VALUES ('4038bd01-1743-4084-aaff-cacc3ebb0434', '21139731-a3e5-4eaa-aad1-6827db61a7ff');
INSERT INTO public.movie_actors VALUES ('dd5cfeb7-cabc-4542-90ad-ea49d33cac7b', '2ab517fc-d711-4313-a8f0-7448c599590f');
INSERT INTO public.movie_actors VALUES ('7d19baed-df26-486f-b2bd-2179b290c4c8', '7834971b-9261-4c8c-9bd5-e2350dd19fbe');
INSERT INTO public.movie_actors VALUES ('7d19baed-df26-486f-b2bd-2179b290c4c8', 'c93c76da-1c86-4598-a67a-0e72f7dda864');
INSERT INTO public.movie_actors VALUES ('7d19baed-df26-486f-b2bd-2179b290c4c8', '39918b24-7317-402f-bc00-d295e7b4ee7b');
INSERT INTO public.movie_actors VALUES ('7d19baed-df26-486f-b2bd-2179b290c4c8', '99ee3dff-cf51-46e5-a6a6-8e0ff0faf90b');
INSERT INTO public.movie_actors VALUES ('7d19baed-df26-486f-b2bd-2179b290c4c8', 'ff439161-49b8-408a-837b-eff5759379b4');
INSERT INTO public.movie_actors VALUES ('39fca999-f8f7-48f0-a23b-e64691964612', '7b4512d0-d6c3-41b8-a7a1-d2953ede0a9b');
INSERT INTO public.movie_actors VALUES ('39fca999-f8f7-48f0-a23b-e64691964612', '0dadab94-8ef7-4448-b465-56818ae72c48');
INSERT INTO public.movie_actors VALUES ('39fca999-f8f7-48f0-a23b-e64691964612', '20b0a052-7941-4741-9f7d-d520c160bc75');
INSERT INTO public.movie_actors VALUES ('39fca999-f8f7-48f0-a23b-e64691964612', 'b1c354c3-c8dd-420a-9d9d-3016a30fd4c4');
INSERT INTO public.movie_actors VALUES ('39fca999-f8f7-48f0-a23b-e64691964612', '6a25a40b-0eed-4461-a05b-0f20c4825bcc');
INSERT INTO public.movie_actors VALUES ('39fca999-f8f7-48f0-a23b-e64691964612', 'de7c71e9-c261-487d-8072-7357feb64c77');
INSERT INTO public.movie_actors VALUES ('39fca999-f8f7-48f0-a23b-e64691964612', 'e8252f57-7be5-456b-90d8-1203c9b502f0');
INSERT INTO public.movie_actors VALUES ('39fca999-f8f7-48f0-a23b-e64691964612', '3ddad54a-96f5-4166-af25-8fb46d192522');
INSERT INTO public.movie_actors VALUES ('5aa11d10-3a64-4bcc-8c3f-162ed6f1dcd0', '7b4512d0-d6c3-41b8-a7a1-d2953ede0a9b');
INSERT INTO public.movie_actors VALUES ('5aa11d10-3a64-4bcc-8c3f-162ed6f1dcd0', '0dadab94-8ef7-4448-b465-56818ae72c48');
INSERT INTO public.movie_actors VALUES ('5aa11d10-3a64-4bcc-8c3f-162ed6f1dcd0', '20b0a052-7941-4741-9f7d-d520c160bc75');
INSERT INTO public.movie_actors VALUES ('5aa11d10-3a64-4bcc-8c3f-162ed6f1dcd0', 'b1c354c3-c8dd-420a-9d9d-3016a30fd4c4');
INSERT INTO public.movie_actors VALUES ('5aa11d10-3a64-4bcc-8c3f-162ed6f1dcd0', '6a25a40b-0eed-4461-a05b-0f20c4825bcc');
INSERT INTO public.movie_actors VALUES ('5aa11d10-3a64-4bcc-8c3f-162ed6f1dcd0', 'de7c71e9-c261-487d-8072-7357feb64c77');
INSERT INTO public.movie_actors VALUES ('5aa11d10-3a64-4bcc-8c3f-162ed6f1dcd0', 'e8252f57-7be5-456b-90d8-1203c9b502f0');
INSERT INTO public.movie_actors VALUES ('5aa11d10-3a64-4bcc-8c3f-162ed6f1dcd0', '3ddad54a-96f5-4166-af25-8fb46d192522');
INSERT INTO public.movie_actors VALUES ('f13ba995-407c-445c-8b29-4cb2e6ca0f78', '7b4512d0-d6c3-41b8-a7a1-d2953ede0a9b');
INSERT INTO public.movie_actors VALUES ('f13ba995-407c-445c-8b29-4cb2e6ca0f78', '0dadab94-8ef7-4448-b465-56818ae72c48');
INSERT INTO public.movie_actors VALUES ('f13ba995-407c-445c-8b29-4cb2e6ca0f78', '20b0a052-7941-4741-9f7d-d520c160bc75');
INSERT INTO public.movie_actors VALUES ('f13ba995-407c-445c-8b29-4cb2e6ca0f78', 'b1c354c3-c8dd-420a-9d9d-3016a30fd4c4');
INSERT INTO public.movie_actors VALUES ('f13ba995-407c-445c-8b29-4cb2e6ca0f78', '6a25a40b-0eed-4461-a05b-0f20c4825bcc');
INSERT INTO public.movie_actors VALUES ('f13ba995-407c-445c-8b29-4cb2e6ca0f78', 'de7c71e9-c261-487d-8072-7357feb64c77');
INSERT INTO public.movie_actors VALUES ('f13ba995-407c-445c-8b29-4cb2e6ca0f78', 'e8252f57-7be5-456b-90d8-1203c9b502f0');
INSERT INTO public.movie_actors VALUES ('f13ba995-407c-445c-8b29-4cb2e6ca0f78', '3ddad54a-96f5-4166-af25-8fb46d192522');
INSERT INTO public.movie_actors VALUES ('c144008c-d7b4-4b20-b7c3-aa1af3461298', 'c144008c-d7b4-4b20-b7c3-aa1af3461298');
INSERT INTO public.movie_actors VALUES ('c144008c-d7b4-4b20-b7c3-aa1af3461298', 'fcff6fba-f22b-4175-b8d6-caf1529cf03b');
INSERT INTO public.movie_actors VALUES ('c144008c-d7b4-4b20-b7c3-aa1af3461298', '8e82dbe4-e026-4fa7-a647-a5226ab81875');
INSERT INTO public.movie_actors VALUES ('c144008c-d7b4-4b20-b7c3-aa1af3461298', '5ca5976d-0e66-4dd3-912a-8730f5dc84aa');
INSERT INTO public.movie_actors VALUES ('c144008c-d7b4-4b20-b7c3-aa1af3461298', '464b01d2-0db8-4055-b704-320653e7ece5');